player,recent_form,role,predicted_points,credits
SM Harwood,41.5,allrounder,48.40044444444444,8
Shubman Gill,58.8,batsman,46.142664502164486,8
JE Taylor,28.0,allrounder,45.93044704438184,8
KMDN Kulasekara,28.0,allrounder,45.93044704438184,8
A Flintoff,28.0,allrounder,45.93044704438184,8
JR Hazlewood,65.6,allrounder,44.95110784640197,8
SA Yadav,56.0,allrounder,42.94860558885558,8
HM Amla,45.6,batsman,41.4549413647498,8
AP Majumdar,24.666666666666668,batsman,39.57379778804962,8
PP Shaw,29.2,batsman,38.97341101957609,8
Sikandar Raza,29.2,allrounder,38.97341101957609,8
MA Wood,61.75,allrounder,38.8203494005994,8
RR Rossouw,36.0,batsman,38.683418206048984,8
J Yadav,9.666666666666666,allrounder,38.45200510600509,8
KL Rahul,42.2,batsman,38.2785126749444,8
S Lamichhane,41.2,allrounder,37.88227259031278,8
TS Mills,41.2,allrounder,37.88227259031278,8
A Nehra,41.2,allrounder,37.88227259031278,8
B Laughlin,35.0,allrounder,37.784249597817016,8
V Pratap Singh,35.0,allrounder,37.784249597817016,8
Azmatullah Omarzai,35.0,allrounder,37.784249597817016,8
A Mhatre,39.6,batsman,37.69754981147068,8
SM Curran,39.6,allrounder,37.69754981147068,8
B Sai Sudharsan,52.6,batsman,37.07206054407783,8
H Klaasen,38.8,batsman,37.05102133227055,8
MP Yadav,48.2,bowler,36.48814221671348,8
PD Salt,41.4,batsman,36.361835168756365,8
JJ Bumrah,50.6,allrounder,36.06303672976868,8
R Parag,40.8,allrounder,35.97771947769688,8
Azhar Mahmood,37.0,allrounder,35.8142027334945,8
KS Bharat,37.0,batsman,35.8142027334945,8
RD Rickelton,37.0,batsman,35.8142027334945,8
Noor Ahmad,47.8,allrounder,35.60542463504875,8
SM Pollock,30.2,allrounder,35.45711000600707,8
D Brevis,38.0,allrounder,35.020077035872426,8
K Santokie,50.0,bowler,34.95968019392913,8
AP Dole,50.0,allrounder,34.95968019392913,8
MA Khote,50.0,allrounder,34.95968019392913,8
SC Kuggeleijn,50.0,bowler,34.95968019392913,8
Sachin Baby,50.0,allrounder,34.95968019392913,8
A Uniyal,50.0,allrounder,34.95968019392913,8
GJ Bailey,17.4,batsman,34.62501079875031,8
RS Bopara,17.4,allrounder,34.62501079875031,8
SR Tendulkar,21.4,allrounder,34.20026258338278,8
M Shahrukh Khan,21.4,allrounder,34.20026258338278,8
S Dhawan,33.8,allrounder,34.07304127505028,8
N Pooran,33.8,batsman,34.07304127505028,8
SS Tiwary,33.8,batsman,34.07304127505028,8
Umar Gul,41.6,allrounder,33.67625792415483,8
TA Boult,41.6,allrounder,33.67625792415483,8
RA Jadeja,31.4,allrounder,32.57015481921143,8
MR Marsh,61.0,allrounder,32.514949855699854,8
D Pretorius,8.75,allrounder,32.24060449735448,8
C Green,34.8,allrounder,32.00141061813444,8
CH Morris,32.0,allrounder,31.78483754057236,8
C Sakariya,32.0,allrounder,31.78483754057236,8
Harpreet Brar,32.0,allrounder,31.78483754057236,8
J Suchith,32.0,allrounder,31.78483754057236,8
AB McDonald,32.0,allrounder,31.78483754057236,8
MEK Hussey,30.0,batsman,31.639990026661657,8
Atharva Taide,33.6,allrounder,31.437349527943173,8
SS Iyer,32.8,allrounder,31.303704375583397,8
DE Bollinger,35.8,allrounder,31.149192294308165,8
A Nortje,35.8,allrounder,31.149192294308165,8
AD Hales,23.0,batsman,31.080058210259445,8
SP Fleming,23.0,batsman,31.080058210259445,8
MM Ali,23.0,allrounder,31.080058210259445,8
KP Pietersen,38.2,allrounder,31.068785680310985,8
YBK Jaiswal,50.8,allrounder,31.027165436743054,8
AD Russell,35.2,allrounder,30.97119617810629,8
PA Patel,35.2,batsman,30.97119617810629,8
OC McCoy,42.8,allrounder,30.911546909110413,8
WPUJC Vaas,42.8,allrounder,30.911546909110413,8
TH David,31.0,batsman,30.900294382583628,8
JM Bairstow,31.0,batsman,30.900294382583628,8
V Shankar,25.8,allrounder,30.712466740863018,8
BA Stokes,49.8,allrounder,30.701721873514668,8
E Malinga,40.8,bowler,30.6878312620774,8
LH Ferguson,40.8,allrounder,30.6878312620774,8
VG Arora,40.8,allrounder,30.6878312620774,8
DJ Harris,27.0,allrounder,30.492904928597163,8
S Sriram,27.0,allrounder,30.492904928597163,8
BJ Rohrer,27.0,allrounder,30.492904928597163,8
Ishan Kishan,40.2,allrounder,30.37659407353734,8
AK Markram,47.4,allrounder,30.2454234372588,8
JM Kemp,24.0,allrounder,30.229703614813292,8
DJ Hussey,32.4,allrounder,30.188220652363217,8
M Ntini,40.6,allrounder,30.18434562208144,8
B Kumar,30.8,allrounder,30.056647456085983,8
MN Samuels,30.8,allrounder,30.056647456085983,8
M Vijay,1.3333333333333333,allrounder,29.870260461760452,7
OF Smith,32.8,allrounder,29.75509643098907,7
KMA Paul,44.4,allrounder,29.68755571151173,7
DJ Mitchell,40.4,allrounder,29.571981060976572,7
AM Rahane,37.8,allrounder,29.43531580762574,7
MJ Lumb,34.4,batsman,29.28207630383154,7
Salman Butt,34.4,batsman,29.28207630383154,7
MJ Clarke,9.25,allrounder,29.06927972027972,7
Ramandeep Singh,52.0,allrounder,29.041467468181178,7
L Ngidi,52.0,allrounder,29.041467468181178,7
Karanveer Singh,27.4,allrounder,28.957442885460626,7
M Kartik,27.4,allrounder,28.957442885460626,7
SE Bond,27.4,allrounder,28.957442885460626,7
DL Chahar,27.4,allrounder,28.957442885460626,7
RR Sarwan,17.666666666666668,batsman,28.895117879272284,7
Dhruv Jurel,26.6,batsman,28.79147447009207,7
E Lewis,25.4,batsman,28.600122546389727,7
Yuvraj Singh,25.4,allrounder,28.600122546389727,7
KW Richardson,47.0,allrounder,28.54179115737278,7
SPD Smith,27.2,allrounder,28.481081925513617,7
AC Blizzard,27.2,batsman,28.481081925513617,7
KR Mayers,27.2,allrounder,28.481081925513617,7
HH Gibbs,24.6,batsman,28.417682655641638,7
SL Malinga,38.2,allrounder,28.384058433532545,7
RD Chahar,38.2,allrounder,28.384058433532545,7
T Stubbs,22.2,allrounder,28.31187383310561,7
PD Collingwood,22.2,allrounder,28.31187383310561,7
Mukesh Kumar,37.4,allrounder,28.187367435766387,7
YS Chahal,37.4,allrounder,28.187367435766387,7
JL Pattinson,42.0,allrounder,28.050037404167256,7
T Thushara,42.0,allrounder,28.050037404167256,7
JD Unadkat,42.0,allrounder,28.050037404167256,7
JA Richardson,25.666666666666668,allrounder,28.02195639327991,7
BJ Hodge,33.4,allrounder,28.02187700274146,7
A Zampa,36.6,allrounder,27.9410981453059,7
B Stanlake,36.6,allrounder,27.9410981453059,7
CR Woakes,36.6,allrounder,27.9410981453059,7
IC Pandey,36.6,allrounder,27.9410981453059,7
R Vinay Kumar,36.6,allrounder,27.9410981453059,7
JM Sharma,34.2,batsman,27.845969161566565,7
GHS Garton,20.75,allrounder,27.774705949314953,7
K Goel,1.2,allrounder,27.635970773177686,7
JP Inglis,42.8,batsman,27.522672988460528,7
KH Pandya,23.4,allrounder,27.446624458222416,7
DP Vijaykumar,12.0,allrounder,27.42953463854555,7
SS Cottrell,33.2,allrounder,27.387849596564482,7
NM Coulter-Nile,41.0,allrounder,27.37676173826175,7
SMSM Senanayake,28.2,allrounder,27.334023283447813,7
AC Gilchrist,40.0,allrounder,27.279930258342084,7
PP Chawla,37.0,allrounder,27.25772210378396,7
SB Styris,37.0,allrounder,27.25772210378396,7
CRD Fernando,37.0,allrounder,27.25772210378396,7
Naveen-ul-Haq,37.0,allrounder,27.25772210378396,7
JDS Neesham,37.0,allrounder,27.25772210378396,7
A Raghuvanshi,33.0,batsman,27.119701130333898,7
Swapnil Singh,20.8,allrounder,26.98744456695899,7
R Shepherd,20.8,allrounder,26.98744456695899,7
Yash Dayal,20.8,allrounder,26.98744456695899,7
Mohammed Shami,20.8,allrounder,26.98744456695899,7
Avesh Khan,20.8,allrounder,26.98744456695899,7
Kamran Khan,20.8,allrounder,26.98744456695899,7
HV Patel,37.8,allrounder,26.891725053793408,7
KV Sharma,37.8,allrounder,26.891725053793408,7
Anmolpreet Singh,21.8,batsman,26.87413875202036,7
DR Smith,21.8,allrounder,26.87413875202036,7
CH Gayle,21.8,allrounder,26.87413875202036,7
N Rana,21.8,allrounder,26.87413875202036,7
SV Samson,30.6,batsman,26.775320648948192,7
Iqbal Abdulla,26.2,allrounder,26.738512629295105,7
S Badree,26.2,allrounder,26.738512629295105,7
MA Starc,26.2,allrounder,26.738512629295105,7
NT Ellis,26.2,allrounder,26.738512629295105,7
Arshdeep Singh,26.2,allrounder,26.738512629295105,7
WG Jacks,26.2,allrounder,26.738512629295105,7
VY Mahesh,26.2,allrounder,26.738512629295105,7
MF Maharoof,31.6,allrounder,26.724418206892693,7
P Parameswaran,31.6,allrounder,26.724418206892693,7
L Balaji,31.6,allrounder,26.724418206892693,7
CR Brathwaite,17.8,allrounder,26.677402031360508,7
AN Ahmed,16.6,allrounder,26.579211195076677,7
SP Narine,16.6,allrounder,26.579211195076677,7
J Syed Mohammad,16.6,allrounder,26.579211195076677,7
Basil Thampi,22.4,allrounder,26.466277671445244,7
A Kumble,22.4,allrounder,26.466277671445244,7
R Bhatia,22.4,allrounder,26.466277671445244,7
CV Varun,36.2,allrounder,26.38759247053239,7
CK Langeveldt,43.2,allrounder,26.328596132159042,7
AJ Finch,23.6,allrounder,26.287409025144083,7
TK Curran,23.6,allrounder,26.287409025144083,7
Shashank Singh,8.333333333333334,allrounder,26.28733680346415,7
W O'Rourke,53.0,bowler,26.267366175491183,7
Sameer Rizvi,20.2,batsman,26.234947967183647,7
DA Warner,20.2,allrounder,26.234947967183647,7
GC Viljoen,30.4,allrounder,26.209795611050854,7
RM Patidar,12.8,batsman,26.094354089643232,7
DH Yagnik,12.8,batsman,26.094354089643232,7
Akash Deep,4.75,allrounder,26.02703415414887,7
RR Raje,4.75,allrounder,26.02703415414887,7
VR Iyer,29.4,allrounder,25.973901028044803,7
R Ravindra,17.6,allrounder,25.931337003401218,7
PBB Rajapaksa,17.6,batsman,25.931337003401218,7
V Nigam,17.6,allrounder,25.931337003401218,7
SD Hope,17.6,batsman,25.931337003401218,7
AC Thomas,23.6,allrounder,25.92480796416099,7
Anand Rajan,23.6,bowler,25.92480796416099,7
P Dubey,7.75,allrounder,25.865128968253956,7
AD Mascarenhas,49.8,allrounder,25.827544873729693,7
N Wadhera,32.2,allrounder,25.821883794141314,7
JR Hopes,21.6,allrounder,25.780513445848555,7
KA Pollard,21.6,allrounder,25.780513445848555,7
KK Cooper,21.6,allrounder,25.780513445848555,7
A Mishra,21.6,allrounder,25.780513445848555,7
AR Patel,21.6,allrounder,25.780513445848555,7
Mustafizur Rahman,21.6,allrounder,25.780513445848555,7
S Randiv,21.6,allrounder,25.780513445848555,7
Sohail Tanvir,73.4,allrounder,25.64066666666667,7
JH Kallis,15.4,allrounder,25.594456099063194,7
R Sharma,15.4,allrounder,25.594456099063194,7
PP Ojha,15.4,allrounder,25.594456099063194,7
HR Shokeen,15.4,allrounder,25.594456099063194,7
JDP Oram,15.4,allrounder,25.594456099063194,7
K Khejroliya,15.4,bowler,25.594456099063194,7
DS Kulkarni,15.4,allrounder,25.594456099063194,7
I Udana,15.4,allrounder,25.594456099063194,7
A Ashish Reddy,15.4,allrounder,25.594456099063194,7
Washington Sundar,15.4,allrounder,25.594456099063194,7
SK Warne,17.8,allrounder,25.465135317808507,7
R Rampaul,17.8,allrounder,25.465135317808507,7
A Chandila,17.8,allrounder,25.465135317808507,7
DB Ravi Teja,21.6,allrounder,25.413496850340504,7
F du Plessis,21.6,allrounder,25.413496850340504,7
CA Pujara,21.6,batsman,25.413496850340504,7
MJ Santner,39.4,allrounder,25.382647283934908,7
IS Sodhi,22.0,allrounder,25.339869384970164,7
AM Salvi,22.0,bowler,25.339869384970164,7
S Sreesanth,22.0,allrounder,25.339869384970164,7
S Kaul,22.0,allrounder,25.339869384970164,7
M Muralitharan,22.0,allrounder,25.339869384970164,7
KR Sen,22.0,allrounder,25.339869384970164,7
RG Sharma,38.4,allrounder,25.338402041924354,7
GD Phillips,18.666666666666668,allrounder,25.331592985875485,7
JW Hastings,40.5,bowler,25.307322755282488,7
DJ Thornely,27.0,allrounder,25.293144051744918,7
S Sandeep Warrier,27.0,bowler,25.293144051744918,7
MJ McClenaghan,27.0,allrounder,25.293144051744918,7
GD McGrath,27.0,allrounder,25.293144051744918,7
PJ Cummins,49.0,allrounder,25.28836594196592,7
DR Sams,34.0,allrounder,25.259535568354504,7
MC Henriques,23.2,allrounder,25.228336190241993,7
RJ Harris,23.2,allrounder,25.228336190241993,7
RE van der Merwe,23.2,allrounder,25.228336190241993,7
SN Khan,18.4,allrounder,25.15816704551171,7
YV Takawale,21.0,batsman,25.15108509678606,7
C de Grandhomme,18.2,allrounder,25.13032144500049,7
C Munro,18.2,allrounder,25.13032144500049,7
MS Wade,18.2,batsman,25.13032144500049,7
Gurkeerat Singh,28.8,allrounder,25.115662846778623,7
SE Rutherford,28.6,allrounder,25.08133022164157,7
K Gowtham,17.0,allrounder,25.07063613434561,7
Mukesh Choudhary,17.0,allrounder,25.07063613434561,7
D Padikkal,36.4,batsman,25.018761235801662,7
MG Bracewell,39.0,allrounder,25.008277553142694,7
UT Yadav,25.0,allrounder,24.841832401409828,7
SSB Magala,25.0,bowler,24.841832401409828,7
Harshit Rana,25.0,allrounder,24.841832401409828,7
T Henderson,25.0,allrounder,24.841832401409828,7
A Singh,25.0,allrounder,24.841832401409828,7
SN Thakur,25.0,allrounder,24.841832401409828,7
Y Prithvi Raj,25.0,allrounder,24.841832401409828,7
C Nanda,25.0,allrounder,24.841832401409828,7
Harsh Dubey,25.0,bowler,24.841832401409828,7
M Markande,25.0,allrounder,24.841832401409828,7
M Ashwin,25.0,allrounder,24.841832401409828,7
R Sai Kishore,25.0,allrounder,24.841832401409828,7
R Shukla,25.0,allrounder,24.841832401409828,7
RG More,25.0,allrounder,24.841832401409828,7
R McLaren,25.0,allrounder,24.841832401409828,7
R Ninan,25.0,allrounder,24.841832401409828,7
JPR Scantlebury-Searles,25.0,allrounder,24.841832401409828,7
HF Gurney,25.0,allrounder,24.841832401409828,7
Navdeep Saini,25.0,allrounder,24.841832401409828,7
Abdul Samad,18.8,allrounder,24.812021625726228,7
KS Williamson,18.8,allrounder,24.812021625726228,7
AG Murtaza,13.2,allrounder,24.75929260223784,7
A Symonds,13.2,allrounder,24.75929260223784,7
RJW Topley,25.8,allrounder,24.73341598745618,7
J Theron,25.8,allrounder,24.73341598745618,7
S Narwal,25.8,allrounder,24.73341598745618,7
DS Rathi,25.8,allrounder,24.73341598745618,7
M Pathirana,25.8,bowler,24.73341598745618,7
A Badoni,50.2,allrounder,24.70353475690976,7
Shoaib Akhtar,71.5,allrounder,24.690666666666672,7
S Rana,13.8,allrounder,24.543602657736287,7
RV Patel,13.8,allrounder,24.543602657736287,7
DB Das,13.8,batsman,24.543602657736287,7
CA Lynn,44.4,batsman,24.491595970683523,7
Ankit Soni,12.4,allrounder,24.387853155385283,7
Shakib Al Hasan,12.4,allrounder,24.387853155385283,7
DP Conway,22.8,batsman,24.3416015624571,7
Ashutosh Sharma,22.8,batsman,24.3416015624571,7
UBT Chand,22.8,batsman,24.3416015624571,7
CL White,25.0,allrounder,24.31478176285616,7
SO Hetmyer,12.6,batsman,24.301680212027403,7
S Tyagi,6.6,allrounder,24.233628456179694,7
VRV Singh,6.6,allrounder,24.233628456179694,7
JD Ryder,22.6,allrounder,24.14605869409785,7
SC Ganguly,22.6,allrounder,24.14605869409785,7
DJM Short,22.6,allrounder,24.14605869409785,7
JA Morkel,22.6,allrounder,24.14605869409785,7
GB Hogg,17.4,allrounder,24.121815171988274,7
VS Malik,17.4,allrounder,24.121815171988274,7
NB Singh,31.0,bowler,24.10094903951451,7
JJ van der Wath,38.5,allrounder,24.079239110648558,7
V Puthur,38.5,bowler,24.079239110648558,7
Jaskaran Singh,31.2,allrounder,24.048659815052257,7
JP Behrendorff,31.2,allrounder,24.048659815052257,7
RP Meredith,31.2,allrounder,24.048659815052257,7
SJ Srivastava,31.2,allrounder,24.048659815052257,7
P Awana,31.2,allrounder,24.048659815052257,7
JJ Roy,30.8,batsman,24.04660412978899,7
Abhishek Sharma,41.8,allrounder,23.871533267233087,7
Ravi Bishnoi,26.6,allrounder,23.791336397170404,7
Pankaj Singh,26.6,allrounder,23.791336397170404,7
Shoaib Ahmed,26.6,allrounder,23.791336397170404,7
Shahbaz Ahmed,26.6,allrounder,23.791336397170404,7
T Natarajan,26.6,allrounder,23.791336397170404,7
Simarjeet Singh,26.6,allrounder,23.791336397170404,7
BE Hendricks,26.6,allrounder,23.791336397170404,7
P Negi,20.4,allrounder,23.790409347911055,7
Akash Singh,20.4,bowler,23.790409347911055,7
P Kumar,20.4,allrounder,23.790409347911055,7
Rasikh Salam,20.4,allrounder,23.790409347911055,7
SE Marsh,44.8,batsman,23.773695215795506,7
DNT Zoysa,26.0,allrounder,23.77276118176706,7
P Amarnath,30.0,bowler,23.772506925297897,7
BW Hilfenhaus,30.0,bowler,23.772506925297897,7
AS Raut,19.0,allrounder,23.757760414578733,7
Naman Dhir,19.0,allrounder,23.757760414578733,7
ER Dwivedi,19.0,batsman,23.757760414578733,7
RE Levi,19.0,batsman,23.757760414578733,7
A Kamboj,16.2,allrounder,23.75222989467016,7
PJ Sangwan,16.2,allrounder,23.75222989467016,7
KM Asif,16.2,allrounder,23.75222989467016,7
CJ Jordan,16.2,allrounder,23.75222989467016,7
BAW Mendis,16.2,allrounder,23.75222989467016,7
B Akhil,16.2,allrounder,23.75222989467016,7
G Coetzee,16.2,allrounder,23.75222989467016,7
PC Valthaty,16.2,allrounder,23.75222989467016,7
Harbhajan Singh,16.2,allrounder,23.75222989467016,7
YA Abdulla,32.4,allrounder,23.73727831070562,7
WD Parnell,32.4,allrounder,23.73727831070562,7
JP Faulkner,32.4,allrounder,23.73727831070562,7
TG Southee,32.4,allrounder,23.73727831070562,7
M Prasidh Krishna,32.4,allrounder,23.73727831070562,7
KP Appanna,33.6,allrounder,23.605128624477302,7
RJ Peterson,26.333333333333332,allrounder,23.554209956709954,7
MD Mishra,14.6,batsman,23.554101700977597,7
Kamran Akmal,28.0,batsman,23.551521522949717,7
SW Billings,19.2,batsman,23.517363479950046,7
P Simran Singh,19.2,batsman,23.517363479950046,7
SK Trivedi,18.2,allrounder,23.51639495808761,7
DL Vettori,18.2,allrounder,23.51639495808761,7
K Yadav,14.5,allrounder,23.490205674802006,7
AJ Tye,20.0,allrounder,23.39638078355335,7
DG Nalkande,20.0,allrounder,23.39638078355335,7
BB Sran,20.0,allrounder,23.39638078355335,7
DW Steyn,20.0,allrounder,23.39638078355335,7
Shivam Mavi,20.0,allrounder,23.39638078355335,7
Yash Thakur,20.0,bowler,23.39638078355335,7
M Theekshana,20.0,allrounder,23.39638078355335,7
Sandeep Sharma,20.0,allrounder,23.39638078355335,7
KK Nair,14.2,batsman,23.355182250868165,7
AD Nath,14.2,batsman,23.355182250868165,7
AB Dinda,27.8,allrounder,23.337257484053627,7
DP Nannes,27.8,allrounder,23.337257484053627,7
NL McCullum,4.0,allrounder,23.193932628645854,7
MJ Guptill,20.8,batsman,23.16469249330793,7
RJ Quiney,20.8,batsman,23.16469249330793,7
DJ Muthuswami,22.8,allrounder,23.118752230934778,7
FH Edwards,22.8,allrounder,23.118752230934778,7
Shahid Afridi,22.8,allrounder,23.118752230934778,7
DJ Willey,22.8,allrounder,23.118752230934778,7
Suyash Sharma,22.8,bowler,23.118752230934778,7
Arshad Khan,22.8,allrounder,23.118752230934778,7
STR Binny,15.6,allrounder,22.937531034697486,7
Misbah-ul-Haq,15.6,batsman,22.937531034697486,7
S Vidyut,15.6,allrounder,22.937531034697486,7
R Sathish,15.6,allrounder,22.937531034697486,7
C Bosch,29.0,allrounder,22.863164688548657,7
Urvil Patel,18.5,batsman,22.79888414363415,7
JC Archer,25.4,allrounder,22.72391890724663,7
Ashwani Kumar,25.4,bowler,22.72391890724663,7
Vijaykumar Vyshak,25.4,allrounder,22.72391890724663,7
D Wiese,25.4,allrounder,22.72391890724663,7
MM Patel,21.2,allrounder,22.68046472760662,7
ST Jayasuriya,21.2,allrounder,22.68046472760662,7
B Lee,21.2,allrounder,22.68046472760662,7
DT Christian,21.2,allrounder,22.68046472760662,7
JEC Franklin,21.2,allrounder,22.68046472760662,7
J Little,21.2,bowler,22.68046472760662,7
KC Cariappa,21.2,allrounder,22.68046472760662,7
Imran Tahir,21.2,allrounder,22.68046472760662,7
RD Gaikwad,29.0,batsman,22.641150781353414,7
AC Voges,2.0,allrounder,22.431287195345433,7
Shivam Sharma,19.25,allrounder,22.398452991452988,7
AD Mathews,11.6,allrounder,22.389556039849804,7
NA Saini,11.6,allrounder,22.389556039849804,7
LPC Silva,8.5,allrounder,22.332766500064746,7
L Ronchi,8.5,batsman,22.332766500064746,7
AG Paunikar,8.5,batsman,22.332766500064746,7
MW Short,19.6,allrounder,22.28580384084783,7
AU Rashid,20.0,allrounder,22.275564913599982,7
AB Barath,20.0,batsman,22.275564913599982,7
MA Agarwal,20.0,batsman,22.275564913599982,7
T Kohler-Cadmore,20.0,batsman,22.275564913599982,7
TM Head,18.0,allrounder,22.245284970055828,7
N Jagadeesan,15.2,batsman,22.1708157324379,7
AA Jhunjhunwala,7.0,allrounder,22.042962028659222,7
Anirudh Singh,7.666666666666667,batsman,21.97580935764504,7
L Ablish,37.5,allrounder,21.908113103399863,7
M Jansen,35.4,allrounder,21.901504968310828,7
FA Allen,9.666666666666666,allrounder,21.841153229123805,7
MM Sharma,6.2,allrounder,21.81826248285191,7
AL Menaria,6.2,allrounder,21.81826248285191,7
Umran Malik,6.2,allrounder,21.81826248285191,7
SK Raina,6.2,allrounder,21.81826248285191,7
LE Plunkett,6.2,allrounder,21.81826248285191,7
Kuldeep Yadav,6.2,allrounder,21.81826248285191,7
Anureet Singh,6.2,allrounder,21.81826248285191,7
AS Roy,6.2,allrounder,21.81826248285191,7
GH Vihari,6.2,allrounder,21.81826248285191,7
N Burger,38.0,bowler,21.794619769119773,7
UT Khawaja,19.8,batsman,21.73831440588741,7
Priyansh Arya,28.4,batsman,21.605003954690563,7
M Vohra,13.4,batsman,21.56917283379322,7
LRPL Taylor,13.4,allrounder,21.56917283379322,7
RT Ponting,13.4,batsman,21.56917283379322,7
TM Dilshan,13.4,allrounder,21.56917283379322,7
R Dravid,13.4,batsman,21.56917283379322,7
BB McCullum,26.0,batsman,21.495747064709693,7
T Shamsi,19.75,allrounder,21.44352813852814,7
RW Price,24.763235825207655,bowler,21.424628300903706,7
MG Neser,24.763235825207655,bowler,21.424628300903706,7
A Dananjaya,24.763235825207655,allrounder,21.424628300903706,7
RR Bhatkal,24.763235825207655,allrounder,21.424628300903706,7
Tejas Baroka,24.763235825207655,bowler,21.424628300903706,7
LA Carseldine,24.763235825207655,allrounder,21.424628300903706,7
RA Tripathi,24.763235825207655,allrounder,21.424628300903706,7
P Prasanth,24.763235825207655,bowler,21.424628300903706,7
P Ray Barman,24.763235825207655,allrounder,21.424628300903706,7
Musheer Khan,24.763235825207655,allrounder,21.424628300903706,7
Monu Kumar,24.763235825207655,bowler,21.424628300903706,7
Mohit Rathee,24.763235825207655,allrounder,21.424628300903706,7
AA Noffke,24.763235825207655,allrounder,21.424628300903706,7
AA Kazi,24.763235825207655,bowler,21.424628300903706,7
Karim Janat,24.763235825207655,bowler,21.424628300903706,7
RS Gavaskar,24.763235825207655,allrounder,21.424628300903706,7
RR Bose,24.763235825207655,bowler,21.424628300903706,7
I Malhotra,24.763235825207655,allrounder,21.424628300903706,7
Harmeet Singh (2),24.763235825207655,bowler,21.424628300903706,7
Sunny Gupta,24.763235825207655,allrounder,21.424628300903706,7
AJ Hosein,24.763235825207655,allrounder,21.424628300903706,7
A Nel,24.763235825207655,bowler,21.424628300903706,7
LI Meriwala,24.763235825207655,bowler,21.424628300903706,7
LMP Simmons,24.763235825207655,allrounder,21.424628300903706,7
RA Shaikh,24.763235825207655,bowler,21.424628300903706,7
V Kaverappa,24.763235825207655,bowler,21.424628300903706,7
JE Root,24.763235825207655,allrounder,21.424628300903706,7
Abdur Razzak,24.763235825207655,allrounder,21.424628300903706,7
SS Mundhe,24.763235825207655,bowler,21.424628300903706,7
Jalaj S Saxena,24.763235825207655,bowler,21.424628300903706,7
Suryansh Shedge,24.763235825207655,allrounder,21.424628300903706,7
IC Porel,24.763235825207655,bowler,21.424628300903706,7
Gulbadin Naib,24.763235825207655,allrounder,21.424628300903706,7
GR Napier,24.763235825207655,allrounder,21.424628300903706,7
R Sanjay Yadav,24.763235825207655,allrounder,21.424628300903706,7
Arshad Khan (2),24.763235825207655,allrounder,21.424628300903706,7
SS Agarwal,24.763235825207655,bowler,21.424628300903706,7
DAJ Bracewell,24.763235825207655,allrounder,21.424628300903706,7
R Goyal,24.763235825207655,bowler,21.424628300903706,7
Gurnoor Brar,24.763235825207655,bowler,21.424628300903706,7
C Ganapathy,24.763235825207655,bowler,21.424628300903706,7
D Jansen,24.763235825207655,bowler,21.424628300903706,7
S Joseph,24.763235825207655,bowler,21.424628300903706,7
CJ Dala,24.763235825207655,bowler,21.424628300903706,7
CJ Green,24.763235825207655,bowler,21.424628300903706,7
B Chipli,24.763235825207655,allrounder,21.424628300903706,7
Aman Hakim Khan,24.763235825207655,allrounder,21.424628300903706,7
S Midhun,24.763235825207655,bowler,21.424628300903706,7
Y Gnaneswara Rao,24.763235825207655,allrounder,21.424628300903706,7
PWA Mulder,24.763235825207655,allrounder,21.424628300903706,7
MJ Suthar,24.763235825207655,allrounder,21.424628300903706,7
NJ Rimmington,24.763235825207655,allrounder,21.424628300903706,7
MB Parmar,24.763235825207655,bowler,21.424628300903706,7
M Tiwari,24.763235825207655,allrounder,21.424628300903706,7
Mashrafe Mortaza,24.763235825207655,allrounder,21.424628300903706,7
LJ Wright,17.0,allrounder,21.409193239889742,7
NV Ojha,17.0,batsman,21.409193239889742,7
MK Tiwary,17.0,allrounder,21.409193239889742,7
RK Singh,17.0,batsman,21.409193239889742,7
Bipul Sharma,17.0,allrounder,21.409193239889742,7
PV Tambe,15.8,allrounder,21.39554567815553,7
K Rabada,15.8,allrounder,21.39554567815553,7
AM Nayar,15.8,allrounder,21.39554567815553,7
I Sharma,15.8,allrounder,21.39554567815553,7
KK Ahmed,15.8,allrounder,21.39554567815553,7
TU Deshpande,15.8,allrounder,21.39554567815553,7
GJ Maxwell,15.8,allrounder,21.39554567815553,7
AF Milne,15.8,allrounder,21.39554567815553,7
Anuj Rawat,21.2,batsman,21.386370887951877,7
JC Buttler,51.6,batsman,21.34556926406926,7
BCJ Cutting,10.8,allrounder,21.342298671321224,7
Z Khan,10.8,allrounder,21.342298671321224,7
WA Mota,10.8,allrounder,21.342298671321224,7
M Morkel,10.8,allrounder,21.342298671321224,7
Rashid Khan,10.8,allrounder,21.342298671321224,7
LS Livingstone,10.8,allrounder,21.342298671321224,7
Mujeeb Ur Rahman,10.8,allrounder,21.342298671321224,7
V Suryavanshi,39.8,batsman,21.280371682621375,7
HH Pandya,22.4,allrounder,21.25536774509247,7
N Saini,16.4,batsman,21.129305196605596,7
M Manhas,3.0,allrounder,21.117583143464707,7
MK Pandey,25.6,batsman,21.0015377146328,7
MDKJ Perera,14.0,batsman,20.968129710667487,7
KD Karthik,14.0,batsman,20.968129710667487,7
CJ Anderson,15.0,allrounder,20.931283113037228,7
PVD Chameera,15.0,allrounder,20.931283113037228,7
MS Gony,15.0,allrounder,20.931283113037228,7
S Gopal,15.0,allrounder,20.931283113037228,7
Mohammad Asif,15.0,allrounder,20.931283113037228,7
Mohsin Khan,15.0,allrounder,20.931283113037228,7
Mohammed Siraj,15.0,allrounder,20.931283113037228,7
PWH de Silva,15.0,allrounder,20.931283113037228,7
Prince Yadav,10.4,allrounder,20.894476745509706,7
YK Pathan,10.4,allrounder,20.894476745509706,7
MJ Henry,10.4,bowler,20.894476745509706,7
Nithish Kumar Reddy,10.4,allrounder,20.894476745509706,7
SB Bangar,10.4,allrounder,20.894476745509706,7
LR Shukla,10.4,allrounder,20.894476745509706,7
S Nadeem,10.4,allrounder,20.894476745509706,7
SH Johnson,10.4,allrounder,20.894476745509706,7
Harmeet Singh,10.4,allrounder,20.894476745509706,7
Yudhvir Singh,10.0,allrounder,20.86701948493115,7
Zeeshan Ansari,10.0,bowler,20.86701948493115,7
Kartik Tyagi,10.0,allrounder,20.86701948493115,7
Akash Madhwal,10.0,allrounder,20.86701948493115,7
S Ladda,10.0,allrounder,20.86701948493115,7
Joginder Sharma,10.0,allrounder,20.86701948493115,7
AS Rajpoot,10.0,allrounder,20.86701948493115,7
KA Jamieson,10.0,allrounder,20.86701948493115,7
MG Johnson,10.0,allrounder,20.86701948493115,7
VR Aaron,10.0,allrounder,20.86701948493115,7
A Mithun,10.0,allrounder,20.86701948493115,7
K Kartikeya,10.0,allrounder,20.86701948493115,7
RP Singh,10.0,allrounder,20.86701948493115,7
RR Powar,10.0,allrounder,20.86701948493115,7
G Gambhir,20.6,batsman,20.613989099220724,7
MC Juneja,20.6,batsman,20.613989099220724,7
SM Katich,22.0,batsman,20.61163850749508,7
S Badrinath,22.0,batsman,20.61163850749508,7
Rahmanullah Gurbaz,22.0,batsman,20.61163850749508,7
S Dube,22.0,allrounder,20.61163850749508,7
P Sahu,22.0,allrounder,20.61163850749508,7
T Taibu,12.0,batsman,20.369377337920547,7
JG Bethell,12.0,batsman,20.369377337920547,7
DA Miller,12.0,batsman,20.369377337920547,7
SA Asnodkar,15.8,batsman,20.32996629999943,7
LA Pomersbach,15.8,batsman,20.32996629999943,7
SR Watson,15.8,allrounder,20.32996629999943,7
WP Saha,14.8,batsman,20.27730991925569,7
R Powell,14.8,allrounder,20.27730991925569,7
SK Rasheed,14.75,batsman,20.27730991925569,7
AB de Villiers,14.8,batsman,20.27730991925569,7
SA Abbott,7.5,allrounder,20.193157287157284,7
PK Garg,16.6,batsman,20.133953221759615,7
V Kohli,52.8,allrounder,20.11630506773928,7
FY Fazal,13.2,allrounder,20.098762362944345,7
W Jaffer,13.2,batsman,20.098762362944345,7
Harpreet Singh,19.4,batsman,20.01228952889076,7
JP Duminy,19.4,allrounder,20.01228952889076,7
DJ Jacobs,19.4,batsman,20.01228952889076,7
R Ashwin,11.2,allrounder,19.98125352523721,7
J Botha,11.2,allrounder,19.98125352523721,7
RV Gomez,11.2,allrounder,19.98125352523721,7
Mayank Dagar,11.2,allrounder,19.98125352523721,7
SW Tait,11.2,allrounder,19.98125352523721,7
Lalit Yadav,11.2,allrounder,19.98125352523721,7
S Aravind,11.2,allrounder,19.98125352523721,7
V Sehwag,11.2,allrounder,19.98125352523721,7
Parvez Rasool,11.2,allrounder,19.98125352523721,7
AA Chavan,11.2,allrounder,19.98125352523721,7
S Kaushik,11.2,allrounder,19.98125352523721,7
SB Wagh,7.8,allrounder,19.910338863050253,7
Abishek Porel,28.2,batsman,19.770640573599227,7
RJ Gleeson,13.5,allrounder,19.72740095726637,7
V Viyaskanth,13.5,allrounder,19.72740095726637,7
P Suyal,13.5,bowler,19.72740095726637,7
S Sohal,23.8,batsman,19.64804618148091,7
Niraj Patel,23.8,batsman,19.64804618148091,7
XC Bartlett,16.666666666666668,allrounder,19.639226726586948,7
PHKD Mendis,16.666666666666668,allrounder,19.639226726586948,7
KT Maphaka,16.666666666666668,allrounder,19.639226726586948,7
Gagandeep Singh,16.666666666666668,bowler,19.639226726586948,7
DPMD Jayawardene,15.0,batsman,19.563344408796794,7
JR Philippe,19.75,batsman,19.52940266568443,7
VH Zol,16.0,batsman,19.278968285785698,7
GC Smith,16.0,batsman,19.278968285785698,7
BB Samantray,16.0,batsman,19.278968285785698,7
B Sumanth,6.333333333333333,batsman,19.12937650019358,7
A Choudhary,26.5,allrounder,18.680842358278113,7
AS Yadav,9.8,batsman,18.626454570530242,7
Vivrant Sharma,0.0,allrounder,18.44077228165799,7
J Overton,0.0,allrounder,18.44077228165799,7
H Sharma,0.0,bowler,18.44077228165799,7
SZ Mulani,0.0,allrounder,18.44077228165799,7
B Geeves,0.0,bowler,18.44077228165799,7
BMAJ Mendis,0.0,allrounder,18.44077228165799,7
DJG Sammy,0.0,allrounder,18.44077228165799,7
SD Chitnis,0.0,allrounder,18.44077228165799,7
K Upadhyay,0.0,allrounder,18.44077228165799,7
NLTC Perera,0.0,allrounder,18.44077228165799,7
Sumit Kumar,0.0,allrounder,18.44077228165799,7
GS Sandhu,0.0,bowler,18.44077228165799,7
Mandeep Singh,0.0,allrounder,18.44077228165799,7
L Wood,0.0,allrounder,18.44077228165799,7
LB Williams,0.0,allrounder,18.44077228165799,7
TL Suman,0.0,allrounder,18.44077228165799,7
Tilak Varma,0.0,allrounder,18.44077228165799,7
KA Maharaj,0.0,allrounder,18.44077228165799,7
KAJ Roach,0.0,allrounder,18.44077228165799,7
R Tewatia,0.0,allrounder,18.44077228165799,7
VS Yeligati,0.0,allrounder,18.44077228165799,7
MK Lomror,0.0,allrounder,18.44077228165799,7
Y Venugopal Rao,0.0,allrounder,18.44077228165799,7
PVSN Raju,0.0,allrounder,18.44077228165799,7
PM Sarvesh Kumar,0.0,allrounder,18.44077228165799,7
SM Boland,0.0,bowler,18.44077228165799,7
CJ McKay,0.0,allrounder,18.44077228165799,7
CK Kapugedera,0.0,allrounder,18.44077228165799,7
SS Sarkar,0.0,bowler,18.44077228165799,7
N Thushara,42.4,bowler,18.39247777434114,7
PN Mankad,26.5,batsman,18.323532913165266,7
D Kalyankrishna,12.5,allrounder,18.296396051618288,7
TP Sudhindra,12.5,bowler,18.296396051618288,7
Shoaib Malik,12.5,allrounder,18.296396051618288,7
KJ Abbott,12.5,allrounder,18.296396051618288,7
Aniket Verma,13.0,batsman,18.281490135644606,7
CJ Ferguson,13.0,batsman,18.281490135644606,7
J Fraser-McGurk,9.2,batsman,18.037743391016694,7
Ankit Sharma,8.8,allrounder,18.015555546947233,7
Q de Kock,8.8,batsman,18.015555546947233,7
CM Gautam,16.2,batsman,17.970088092056876,7
PA Reddy,10.4,batsman,17.788766323647927,7
SB Dubey,12.4,batsman,17.75814848142895,7
OA Shah,12.4,batsman,17.75814848142895,7
M de Lange,32.25,allrounder,17.441827561327564,7
VVS Laxman,11.2,batsman,17.272613122227426,7
HC Brook,11.2,batsman,17.272613122227426,7
DJ Bravo,51.6,allrounder,17.088582056832053,7
KC Sangakkara,11.6,batsman,17.026224131290377,7
AT Rayudu,11.6,batsman,17.026224131290377,7
M Kaif,10.2,batsman,16.707937452924817,7
Y Nagar,14.4,allrounder,16.603584192847237,7
PH Solanki,6.0,bowler,16.492595682095683,7
MP Stoinis,10.8,allrounder,16.46374652823924,7
O Thomas,42.333333333333336,bowler,16.34085930521275,7
KB Arun Karthik,7.0,batsman,15.827845756100059,7
RV Uthappa,7.0,batsman,15.827845756100059,7
IK Pathan,7.0,allrounder,15.827845756100059,7
RN ten Doeschate,11.8,allrounder,15.719326189165452,7
AT Carey,9.0,batsman,15.596528773541246,7
RR Pant,9.0,batsman,15.596528773541246,7
Saurav Chauhan,9.0,batsman,15.596528773541246,7
PR Shah,11.4,batsman,15.459184275048258,7
A Manohar,11.4,batsman,15.459184275048258,7
SP Goswami,11.4,batsman,15.459184275048258,7
DJ Hooda,8.0,allrounder,15.379896698394006,7
NJ Maddinson,8.0,batsman,15.379896698394006,7
DR Shorey,8.0,batsman,15.379896698394006,7
M Rawat,8.2,batsman,14.83147965477803,7
R Dhawan,7.6,allrounder,14.696822439050074,7
JO Holder,5.0,allrounder,14.609821270851343,7
Fazalhaq Farooqi,5.0,allrounder,14.609821270851343,7
AS Joseph,5.0,allrounder,14.609821270851343,7
Mohammad Hafeez,10.333333333333334,allrounder,14.552070609705424,7
SB Joshi,10.333333333333334,allrounder,14.552070609705424,7
ND Doshi,10.333333333333334,allrounder,14.552070609705424,7
SS Prabhudessai,8.6,batsman,14.217057192063155,7
P Dogra,8.6,batsman,14.217057192063155,7
NS Naik,10.0,batsman,14.135732475322513,7
S Chanderpaul,10.0,batsman,14.135732475322513,7
MS Dhoni,10.0,batsman,14.135732475322513,7
T Banton,10.0,batsman,14.135732475322513,7
SB Jakati,5.8,allrounder,14.065127692262038,7
KL Nagarkoti,5.8,allrounder,14.065127692262038,7
AB Agarkar,5.4,allrounder,13.967894174950233,7
Mohammad Nabi,5.4,allrounder,13.967894174950233,7
KS Sharma,6.5,batsman,13.82838684485895,7
D Salunkhe,14.5,allrounder,13.719621725496728,7
BA Bhatt,0.8,allrounder,13.645589791688794,7
Sunny Singh,11.25,batsman,13.561062331111517,7
M Siddharth,20.25,bowler,13.47746756737886,7
MS Bisla,7.8,batsman,13.453989115718782,7
Arjun Tendulkar,21.25,allrounder,13.24246091131091,7
TM Srivastava,4.0,batsman,13.163891233200882,7
D Ferreira,4.0,batsman,13.163891233200882,7
DT Patil,4.0,batsman,13.163891233200882,7
D du Preez,79.0,allrounder,12.527032106782105,7
RS Hangargekar,79.0,bowler,12.527032106782105,7
SD Lad,22.262405716554188,batsman,12.49358181877841,7
H Das,22.262405716554188,batsman,12.49358181877841,7
DR Martyn,22.262405716554188,batsman,12.49358181877841,7
Liton Das,22.262405716554188,batsman,12.49358181877841,7
JL Denly,22.262405716554188,batsman,12.49358181877841,7
A Tomar,22.262405716554188,batsman,12.49358181877841,7
P Chopra,22.262405716554188,batsman,12.49358181877841,7
AR Bawne,22.262405716554188,batsman,12.49358181877841,7
Mohammad Ashraful,22.262405716554188,batsman,12.49358181877841,7
RS Sodhi,22.262405716554188,batsman,12.49358181877841,7
KS Rathore,22.262405716554188,batsman,12.49358181877841,7
SS Shaikh,22.262405716554188,batsman,12.49358181877841,7
MJ Owen,22.262405716554188,batsman,12.49358181877841,7
Sediqullah Atal,22.262405716554188,batsman,12.49358181877841,7
Younis Khan,22.262405716554188,batsman,12.49358181877841,7
DM Bravo,22.262405716554188,batsman,12.49358181877841,7
DJ Malan,22.262405716554188,batsman,12.49358181877841,7
C Madan,22.262405716554188,batsman,12.49358181877841,7
Shivam Singh,22.262405716554188,batsman,12.49358181877841,7
BR Sharath,22.262405716554188,batsman,12.49358181877841,7
BKG Mendis,22.262405716554188,batsman,12.49358181877841,7
BJ Haddin,22.262405716554188,batsman,12.49358181877841,7
PSP Handscomb,22.262405716554188,batsman,12.49358181877841,7
MS Bhandage,22.262405716554188,batsman,12.49358181877841,7
MP Breetzke,22.262405716554188,batsman,12.49358181877841,7
X Thalaivan Sargunam,22.262405716554188,batsman,12.49358181877841,7
U Kaul,22.262405716554188,batsman,12.49358181877841,7
Tanush Kotian,22.262405716554188,batsman,12.49358181877841,7
Abdul Basith,22.262405716554188,batsman,12.49358181877841,7
UA Birla,22.262405716554188,batsman,12.49358181877841,7
BR Dunk,12.5,batsman,12.488741341991338,7
MD Shanaka,4.5,batsman,12.291857303522233,7
F Behardien,4.5,batsman,12.291857303522233,7
AA Bilakhia,11.0,batsman,11.953087057378731,7
KM Jadhav,11.0,batsman,11.953087057378731,7
Vishnu Vinod,11.0,batsman,11.953087057378731,7
Virat Singh,11.0,batsman,11.953087057378731,7
T Kohli,5.0,batsman,11.403624442069892,7
HE van der Dussen,5.0,batsman,11.403624442069892,7
CA Ingram,9.6,batsman,11.396086702582584,7
A Chopra,8.4,batsman,11.129595457279848,7
Yashpal Singh,13.666666666666666,batsman,10.58094433814233,7
AUK Pathan,1.0,allrounder,10.467166496171526,7
RA Bawa,5.5,batsman,10.112142500774077,7
TD Paine,2.0,batsman,10.069782677997122,7
TL Seifert,13.5,batsman,9.284738455988453,7
S Anirudha,5.8,batsman,9.273597077447178,7
ML Hayden,6.6,batsman,9.228645750753385,7
MV Boucher,6.6,batsman,9.228645750753385,7
AP Tare,6.6,batsman,9.228645750753385,7
TR Birt,17.25,batsman,9.031439005551702,7
M Klinger,16.333333333333332,batsman,8.343445984363894,7
AN Ghosh,0.0,batsman,7.989177022283063,7
AA Kulkarni,0.0,batsman,7.989177022283063,7
A Mukund,0.0,batsman,7.989177022283063,7
SP Jackson,5.6,batsman,7.82293951278141,7
EJG Morgan,4.4,batsman,7.420340113034869,7
R Minz,3.0,batsman,6.905615876717953,7
B Indrajith,10.5,batsman,6.874650046600176,7
IR Jaggi,4.6,batsman,6.390796523176771,7
AJ Turner,1.6,batsman,6.280705702939112,7
DS Lehmann,1.0,batsman,6.230809951601211,7
MN van Wyk,45.75,batsman,5.764656818671525,7
RK Bhui,3.3333333333333335,batsman,4.543678488178489,7
R Bishnoi,0.5,batsman,4.180459495659879,7
Kumar Kushagra,0.5,batsman,4.180459495659879,7
YV Dhull,1.5,batsman,4.150299858969795,7
J Arunkumar,11.5,batsman,3.699579365079365,7
Sanvir Singh,6.25,batsman,3.275979687377208,7
